--
-- PostgreSQL database dump
--

-- Dumped from database version 14.3 (Debian 14.3-1.pgdg110+1)
-- Dumped by pg_dump version 14.2

-- Started on 2023-03-20 01:25:05

SET statement_timeout = 0;
SET lock_timeout = 0;
SET idle_in_transaction_session_timeout = 0;
SET client_encoding = 'UTF8';
SET standard_conforming_strings = on;
SELECT pg_catalog.set_config('search_path', '', false);
SET check_function_bodies = false;
SET xmloption = content;
SET client_min_messages = warning;
SET row_security = off;

--
-- TOC entry 3 (class 2615 OID 2200)
-- Name: public; Type: SCHEMA; Schema: -; Owner: postgres
--

CREATE SCHEMA public;


ALTER SCHEMA public OWNER TO postgres;

--
-- TOC entry 3455 (class 0 OID 0)
-- Dependencies: 3
-- Name: SCHEMA public; Type: COMMENT; Schema: -; Owner: postgres
--

COMMENT ON SCHEMA public IS 'standard public schema';


SET default_tablespace = '';

SET default_table_access_method = heap;

--
-- TOC entry 216 (class 1259 OID 16407)
-- Name: auth_group; Type: TABLE; Schema: public; Owner: postgres
--

CREATE TABLE public.auth_group (
    id integer NOT NULL,
    name character varying(150) NOT NULL
);


ALTER TABLE public.auth_group OWNER TO postgres;

--
-- TOC entry 215 (class 1259 OID 16406)
-- Name: auth_group_id_seq; Type: SEQUENCE; Schema: public; Owner: postgres
--

ALTER TABLE public.auth_group ALTER COLUMN id ADD GENERATED BY DEFAULT AS IDENTITY (
    SEQUENCE NAME public.auth_group_id_seq
    START WITH 1
    INCREMENT BY 1
    NO MINVALUE
    NO MAXVALUE
    CACHE 1
);


--
-- TOC entry 218 (class 1259 OID 16415)
-- Name: auth_group_permissions; Type: TABLE; Schema: public; Owner: postgres
--

CREATE TABLE public.auth_group_permissions (
    id bigint NOT NULL,
    group_id integer NOT NULL,
    permission_id integer NOT NULL
);


ALTER TABLE public.auth_group_permissions OWNER TO postgres;

--
-- TOC entry 217 (class 1259 OID 16414)
-- Name: auth_group_permissions_id_seq; Type: SEQUENCE; Schema: public; Owner: postgres
--

ALTER TABLE public.auth_group_permissions ALTER COLUMN id ADD GENERATED BY DEFAULT AS IDENTITY (
    SEQUENCE NAME public.auth_group_permissions_id_seq
    START WITH 1
    INCREMENT BY 1
    NO MINVALUE
    NO MAXVALUE
    CACHE 1
);


--
-- TOC entry 214 (class 1259 OID 16401)
-- Name: auth_permission; Type: TABLE; Schema: public; Owner: postgres
--

CREATE TABLE public.auth_permission (
    id integer NOT NULL,
    name character varying(255) NOT NULL,
    content_type_id integer NOT NULL,
    codename character varying(100) NOT NULL
);


ALTER TABLE public.auth_permission OWNER TO postgres;

--
-- TOC entry 213 (class 1259 OID 16400)
-- Name: auth_permission_id_seq; Type: SEQUENCE; Schema: public; Owner: postgres
--

ALTER TABLE public.auth_permission ALTER COLUMN id ADD GENERATED BY DEFAULT AS IDENTITY (
    SEQUENCE NAME public.auth_permission_id_seq
    START WITH 1
    INCREMENT BY 1
    NO MINVALUE
    NO MAXVALUE
    CACHE 1
);


--
-- TOC entry 231 (class 1259 OID 16542)
-- Name: comments_comment; Type: TABLE; Schema: public; Owner: postgres
--

CREATE TABLE public.comments_comment (
    id bigint NOT NULL,
    text text NOT NULL,
    created_at timestamp with time zone NOT NULL,
    updated_at timestamp with time zone NOT NULL,
    author_id bigint NOT NULL,
    post_id bigint NOT NULL
);


ALTER TABLE public.comments_comment OWNER TO postgres;

--
-- TOC entry 230 (class 1259 OID 16541)
-- Name: comments_comment_id_seq; Type: SEQUENCE; Schema: public; Owner: postgres
--

ALTER TABLE public.comments_comment ALTER COLUMN id ADD GENERATED BY DEFAULT AS IDENTITY (
    SEQUENCE NAME public.comments_comment_id_seq
    START WITH 1
    INCREMENT BY 1
    NO MINVALUE
    NO MAXVALUE
    CACHE 1
);


--
-- TOC entry 226 (class 1259 OID 16498)
-- Name: django_admin_log; Type: TABLE; Schema: public; Owner: postgres
--

CREATE TABLE public.django_admin_log (
    id integer NOT NULL,
    action_time timestamp with time zone NOT NULL,
    object_id text,
    object_repr character varying(200) NOT NULL,
    action_flag smallint NOT NULL,
    change_message text NOT NULL,
    content_type_id integer,
    user_id bigint NOT NULL,
    CONSTRAINT django_admin_log_action_flag_check CHECK ((action_flag >= 0))
);


ALTER TABLE public.django_admin_log OWNER TO postgres;

--
-- TOC entry 225 (class 1259 OID 16497)
-- Name: django_admin_log_id_seq; Type: SEQUENCE; Schema: public; Owner: postgres
--

ALTER TABLE public.django_admin_log ALTER COLUMN id ADD GENERATED BY DEFAULT AS IDENTITY (
    SEQUENCE NAME public.django_admin_log_id_seq
    START WITH 1
    INCREMENT BY 1
    NO MINVALUE
    NO MAXVALUE
    CACHE 1
);


--
-- TOC entry 212 (class 1259 OID 16393)
-- Name: django_content_type; Type: TABLE; Schema: public; Owner: postgres
--

CREATE TABLE public.django_content_type (
    id integer NOT NULL,
    app_label character varying(100) NOT NULL,
    model character varying(100) NOT NULL
);


ALTER TABLE public.django_content_type OWNER TO postgres;

--
-- TOC entry 211 (class 1259 OID 16392)
-- Name: django_content_type_id_seq; Type: SEQUENCE; Schema: public; Owner: postgres
--

ALTER TABLE public.django_content_type ALTER COLUMN id ADD GENERATED BY DEFAULT AS IDENTITY (
    SEQUENCE NAME public.django_content_type_id_seq
    START WITH 1
    INCREMENT BY 1
    NO MINVALUE
    NO MAXVALUE
    CACHE 1
);


--
-- TOC entry 210 (class 1259 OID 16385)
-- Name: django_migrations; Type: TABLE; Schema: public; Owner: postgres
--

CREATE TABLE public.django_migrations (
    id bigint NOT NULL,
    app character varying(255) NOT NULL,
    name character varying(255) NOT NULL,
    applied timestamp with time zone NOT NULL
);


ALTER TABLE public.django_migrations OWNER TO postgres;

--
-- TOC entry 209 (class 1259 OID 16384)
-- Name: django_migrations_id_seq; Type: SEQUENCE; Schema: public; Owner: postgres
--

ALTER TABLE public.django_migrations ALTER COLUMN id ADD GENERATED BY DEFAULT AS IDENTITY (
    SEQUENCE NAME public.django_migrations_id_seq
    START WITH 1
    INCREMENT BY 1
    NO MINVALUE
    NO MAXVALUE
    CACHE 1
);


--
-- TOC entry 227 (class 1259 OID 16518)
-- Name: django_session; Type: TABLE; Schema: public; Owner: postgres
--

CREATE TABLE public.django_session (
    session_key character varying(40) NOT NULL,
    session_data text NOT NULL,
    expire_date timestamp with time zone NOT NULL
);


ALTER TABLE public.django_session OWNER TO postgres;

--
-- TOC entry 229 (class 1259 OID 16528)
-- Name: posts_post; Type: TABLE; Schema: public; Owner: postgres
--

CREATE TABLE public.posts_post (
    id bigint NOT NULL,
    title character varying(100) NOT NULL,
    text text NOT NULL,
    foto character varying(100) NOT NULL,
    created_at timestamp with time zone NOT NULL,
    updated_at timestamp with time zone NOT NULL,
    author_id bigint NOT NULL
);


ALTER TABLE public.posts_post OWNER TO postgres;

--
-- TOC entry 228 (class 1259 OID 16527)
-- Name: posts_post_id_seq; Type: SEQUENCE; Schema: public; Owner: postgres
--

ALTER TABLE public.posts_post ALTER COLUMN id ADD GENERATED BY DEFAULT AS IDENTITY (
    SEQUENCE NAME public.posts_post_id_seq
    START WITH 1
    INCREMENT BY 1
    NO MINVALUE
    NO MAXVALUE
    CACHE 1
);


--
-- TOC entry 220 (class 1259 OID 16447)
-- Name: users_user; Type: TABLE; Schema: public; Owner: postgres
--

CREATE TABLE public.users_user (
    id bigint NOT NULL,
    password character varying(128) NOT NULL,
    last_login timestamp with time zone,
    is_superuser boolean NOT NULL,
    first_name character varying(150) NOT NULL,
    last_name character varying(150) NOT NULL,
    is_staff boolean NOT NULL,
    is_active boolean NOT NULL,
    date_joined timestamp with time zone NOT NULL,
    email character varying(254) NOT NULL,
    phone bigint,
    birthday date,
    updated_at timestamp with time zone NOT NULL
);


ALTER TABLE public.users_user OWNER TO postgres;

--
-- TOC entry 222 (class 1259 OID 16457)
-- Name: users_user_groups; Type: TABLE; Schema: public; Owner: postgres
--

CREATE TABLE public.users_user_groups (
    id bigint NOT NULL,
    user_id bigint NOT NULL,
    group_id integer NOT NULL
);


ALTER TABLE public.users_user_groups OWNER TO postgres;

--
-- TOC entry 221 (class 1259 OID 16456)
-- Name: users_user_groups_id_seq; Type: SEQUENCE; Schema: public; Owner: postgres
--

ALTER TABLE public.users_user_groups ALTER COLUMN id ADD GENERATED BY DEFAULT AS IDENTITY (
    SEQUENCE NAME public.users_user_groups_id_seq
    START WITH 1
    INCREMENT BY 1
    NO MINVALUE
    NO MAXVALUE
    CACHE 1
);


--
-- TOC entry 219 (class 1259 OID 16446)
-- Name: users_user_id_seq; Type: SEQUENCE; Schema: public; Owner: postgres
--

ALTER TABLE public.users_user ALTER COLUMN id ADD GENERATED BY DEFAULT AS IDENTITY (
    SEQUENCE NAME public.users_user_id_seq
    START WITH 1
    INCREMENT BY 1
    NO MINVALUE
    NO MAXVALUE
    CACHE 1
);


--
-- TOC entry 224 (class 1259 OID 16463)
-- Name: users_user_user_permissions; Type: TABLE; Schema: public; Owner: postgres
--

CREATE TABLE public.users_user_user_permissions (
    id bigint NOT NULL,
    user_id bigint NOT NULL,
    permission_id integer NOT NULL
);


ALTER TABLE public.users_user_user_permissions OWNER TO postgres;

--
-- TOC entry 223 (class 1259 OID 16462)
-- Name: users_user_user_permissions_id_seq; Type: SEQUENCE; Schema: public; Owner: postgres
--

ALTER TABLE public.users_user_user_permissions ALTER COLUMN id ADD GENERATED BY DEFAULT AS IDENTITY (
    SEQUENCE NAME public.users_user_user_permissions_id_seq
    START WITH 1
    INCREMENT BY 1
    NO MINVALUE
    NO MAXVALUE
    CACHE 1
);


--
-- TOC entry 3434 (class 0 OID 16407)
-- Dependencies: 216
-- Data for Name: auth_group; Type: TABLE DATA; Schema: public; Owner: postgres
--



--
-- TOC entry 3436 (class 0 OID 16415)
-- Dependencies: 218
-- Data for Name: auth_group_permissions; Type: TABLE DATA; Schema: public; Owner: postgres
--



--
-- TOC entry 3432 (class 0 OID 16401)
-- Dependencies: 214
-- Data for Name: auth_permission; Type: TABLE DATA; Schema: public; Owner: postgres
--

INSERT INTO public.auth_permission VALUES (1, 'Can add log entry', 1, 'add_logentry');
INSERT INTO public.auth_permission VALUES (2, 'Can change log entry', 1, 'change_logentry');
INSERT INTO public.auth_permission VALUES (3, 'Can delete log entry', 1, 'delete_logentry');
INSERT INTO public.auth_permission VALUES (4, 'Can view log entry', 1, 'view_logentry');
INSERT INTO public.auth_permission VALUES (5, 'Can add permission', 2, 'add_permission');
INSERT INTO public.auth_permission VALUES (6, 'Can change permission', 2, 'change_permission');
INSERT INTO public.auth_permission VALUES (7, 'Can delete permission', 2, 'delete_permission');
INSERT INTO public.auth_permission VALUES (8, 'Can view permission', 2, 'view_permission');
INSERT INTO public.auth_permission VALUES (9, 'Can add group', 3, 'add_group');
INSERT INTO public.auth_permission VALUES (10, 'Can change group', 3, 'change_group');
INSERT INTO public.auth_permission VALUES (11, 'Can delete group', 3, 'delete_group');
INSERT INTO public.auth_permission VALUES (12, 'Can view group', 3, 'view_group');
INSERT INTO public.auth_permission VALUES (13, 'Can add content type', 4, 'add_contenttype');
INSERT INTO public.auth_permission VALUES (14, 'Can change content type', 4, 'change_contenttype');
INSERT INTO public.auth_permission VALUES (15, 'Can delete content type', 4, 'delete_contenttype');
INSERT INTO public.auth_permission VALUES (16, 'Can view content type', 4, 'view_contenttype');
INSERT INTO public.auth_permission VALUES (17, 'Can add session', 5, 'add_session');
INSERT INTO public.auth_permission VALUES (18, 'Can change session', 5, 'change_session');
INSERT INTO public.auth_permission VALUES (19, 'Can delete session', 5, 'delete_session');
INSERT INTO public.auth_permission VALUES (20, 'Can view session', 5, 'view_session');
INSERT INTO public.auth_permission VALUES (21, 'Can add Пользователь', 6, 'add_user');
INSERT INTO public.auth_permission VALUES (22, 'Can change Пользователь', 6, 'change_user');
INSERT INTO public.auth_permission VALUES (23, 'Can delete Пользователь', 6, 'delete_user');
INSERT INTO public.auth_permission VALUES (24, 'Can view Пользователь', 6, 'view_user');
INSERT INTO public.auth_permission VALUES (25, 'Can add Пост', 7, 'add_post');
INSERT INTO public.auth_permission VALUES (26, 'Can change Пост', 7, 'change_post');
INSERT INTO public.auth_permission VALUES (27, 'Can delete Пост', 7, 'delete_post');
INSERT INTO public.auth_permission VALUES (28, 'Can view Пост', 7, 'view_post');
INSERT INTO public.auth_permission VALUES (29, 'Can add Комментарий', 8, 'add_comment');
INSERT INTO public.auth_permission VALUES (30, 'Can change Комментарий', 8, 'change_comment');
INSERT INTO public.auth_permission VALUES (31, 'Can delete Комментарий', 8, 'delete_comment');
INSERT INTO public.auth_permission VALUES (32, 'Can view Комментарий', 8, 'view_comment');


--
-- TOC entry 3449 (class 0 OID 16542)
-- Dependencies: 231
-- Data for Name: comments_comment; Type: TABLE DATA; Schema: public; Owner: postgres
--

INSERT INTO public.comments_comment VALUES (3, 'Не плохо для начала! Так держать!', '2023-03-17 21:29:18.096033+00', '2023-03-17 21:29:18.096033+00', 1, 1);
INSERT INTO public.comments_comment VALUES (6, 'Коммент из постмана!', '2023-03-18 16:04:59.046956+00', '2023-03-18 16:04:59.046956+00', 1, 1);
INSERT INTO public.comments_comment VALUES (7, 'Коммент Исправленный! Дваж', '2023-03-18 16:21:31.919623+00', '2023-03-18 16:22:36.878079+00', 1, 1);
INSERT INTO public.comments_comment VALUES (13, 'от простого пользователя user3@mail.ru', '2023-03-19 15:37:54.769612+00', '2023-03-19 15:37:54.769612+00', 4, 1);
INSERT INTO public.comments_comment VALUES (14, 'от простого пользователя user3@mail.ru', '2023-03-19 15:39:25.918847+00', '2023-03-19 15:39:25.918847+00', 4, 11);
INSERT INTO public.comments_comment VALUES (15, 'от простого пользователя user3@mail.ru', '2023-03-19 21:54:24.725682+00', '2023-03-19 21:54:24.725682+00', 4, 11);


--
-- TOC entry 3444 (class 0 OID 16498)
-- Dependencies: 226
-- Data for Name: django_admin_log; Type: TABLE DATA; Schema: public; Owner: postgres
--

INSERT INTO public.django_admin_log VALUES (1, '2023-03-17 21:24:00.681746+00', '1', 'Первый пост', 1, '[{"added": {}}]', 7, 1);
INSERT INTO public.django_admin_log VALUES (2, '2023-03-17 21:29:18.103026+00', '3', 'admin@mail.ru, Первый пост', 1, '[{"added": {}}]', 8, 1);
INSERT INTO public.django_admin_log VALUES (3, '2023-03-18 15:50:03.852335+00', '2', 'eee@mail.ru', 1, '[{"added": {}}]', 6, 1);
INSERT INTO public.django_admin_log VALUES (4, '2023-03-18 20:07:23.788849+00', '3', 'user2@mail.ru', 1, '[{"added": {}}]', 6, 1);
INSERT INTO public.django_admin_log VALUES (5, '2023-03-19 20:27:14.358881+00', '7', 'user1@mail.ru', 2, '[{"changed": {"fields": ["\u0414\u0430\u0442\u0430 \u0440\u043e\u0436\u0434\u0435\u043d\u0438\u044f"]}}]', 6, 1);
INSERT INTO public.django_admin_log VALUES (6, '2023-03-19 21:47:27.761662+00', '22', 'Пост с фото (user2@mail.ru)', 1, '[{"added": {}}]', 7, 1);


--
-- TOC entry 3430 (class 0 OID 16393)
-- Dependencies: 212
-- Data for Name: django_content_type; Type: TABLE DATA; Schema: public; Owner: postgres
--

INSERT INTO public.django_content_type VALUES (1, 'admin', 'logentry');
INSERT INTO public.django_content_type VALUES (2, 'auth', 'permission');
INSERT INTO public.django_content_type VALUES (3, 'auth', 'group');
INSERT INTO public.django_content_type VALUES (4, 'contenttypes', 'contenttype');
INSERT INTO public.django_content_type VALUES (5, 'sessions', 'session');
INSERT INTO public.django_content_type VALUES (6, 'users', 'user');
INSERT INTO public.django_content_type VALUES (7, 'posts', 'post');
INSERT INTO public.django_content_type VALUES (8, 'comments', 'comment');


--
-- TOC entry 3428 (class 0 OID 16385)
-- Dependencies: 210
-- Data for Name: django_migrations; Type: TABLE DATA; Schema: public; Owner: postgres
--

INSERT INTO public.django_migrations VALUES (1, 'contenttypes', '0001_initial', '2023-03-17 12:38:51.893056+00');
INSERT INTO public.django_migrations VALUES (2, 'contenttypes', '0002_remove_content_type_name', '2023-03-17 12:38:51.967964+00');
INSERT INTO public.django_migrations VALUES (3, 'auth', '0001_initial', '2023-03-17 12:38:52.214301+00');
INSERT INTO public.django_migrations VALUES (4, 'auth', '0002_alter_permission_name_max_length', '2023-03-17 12:38:52.244872+00');
INSERT INTO public.django_migrations VALUES (5, 'auth', '0003_alter_user_email_max_length', '2023-03-17 12:38:52.28086+00');
INSERT INTO public.django_migrations VALUES (6, 'auth', '0004_alter_user_username_opts', '2023-03-17 12:38:52.312705+00');
INSERT INTO public.django_migrations VALUES (7, 'auth', '0005_alter_user_last_login_null', '2023-03-17 12:38:52.343698+00');
INSERT INTO public.django_migrations VALUES (8, 'auth', '0006_require_contenttypes_0002', '2023-03-17 12:38:52.364716+00');
INSERT INTO public.django_migrations VALUES (9, 'auth', '0007_alter_validators_add_error_messages', '2023-03-17 12:38:52.395705+00');
INSERT INTO public.django_migrations VALUES (10, 'auth', '0008_alter_user_username_max_length', '2023-03-17 12:38:52.429721+00');
INSERT INTO public.django_migrations VALUES (11, 'auth', '0009_alter_user_last_name_max_length', '2023-03-17 12:38:52.4617+00');
INSERT INTO public.django_migrations VALUES (12, 'auth', '0010_alter_group_name_max_length', '2023-03-17 12:38:52.506691+00');
INSERT INTO public.django_migrations VALUES (13, 'auth', '0011_update_proxy_permissions', '2023-03-17 12:38:52.535688+00');
INSERT INTO public.django_migrations VALUES (14, 'auth', '0012_alter_user_first_name_max_length', '2023-03-17 12:38:52.568687+00');
INSERT INTO public.django_migrations VALUES (15, 'users', '0001_initial', '2023-03-17 12:38:52.85345+00');
INSERT INTO public.django_migrations VALUES (16, 'admin', '0001_initial', '2023-03-17 12:38:52.972425+00');
INSERT INTO public.django_migrations VALUES (17, 'admin', '0002_logentry_remove_auto_add', '2023-03-17 12:38:53.00841+00');
INSERT INTO public.django_migrations VALUES (18, 'admin', '0003_logentry_add_action_flag_choices', '2023-03-17 12:38:53.047398+00');
INSERT INTO public.django_migrations VALUES (19, 'sessions', '0001_initial', '2023-03-17 12:38:53.302405+00');
INSERT INTO public.django_migrations VALUES (20, 'users', '0002_alter_user_managers', '2023-03-17 13:05:14.781249+00');
INSERT INTO public.django_migrations VALUES (21, 'posts', '0001_initial', '2023-03-17 21:16:03.277455+00');
INSERT INTO public.django_migrations VALUES (22, 'comments', '0001_initial', '2023-03-17 21:16:03.445666+00');


--
-- TOC entry 3445 (class 0 OID 16518)
-- Dependencies: 227
-- Data for Name: django_session; Type: TABLE DATA; Schema: public; Owner: postgres
--

INSERT INTO public.django_session VALUES ('ajh05ctyzqhcfnhnyx9lpnoxmg8sjgyf', '.eJxVjDEOwjAMRe-SGUV205qakZ0zRHYdSAGlUtNOiLtDpQ6w_vfef7ko65LjWtMcR3Mnh-7wu6kMj1Q2YHcpt8kPU1nmUf2m-J1Wf5ksPc-7-3eQpeZvzSjWClNDvWinoEbMhg0noxTESA2kxRCYVE3wikeEDvqQAAGE3fsD7H43tA:1pd9nV:GKSdy4mYPLkZBnaEii1CcGNdWFuShuMKBcTTZ-nRr3g', '2023-03-31 13:07:05.348962+00');


--
-- TOC entry 3447 (class 0 OID 16528)
-- Dependencies: 229
-- Data for Name: posts_post; Type: TABLE DATA; Schema: public; Owner: postgres
--

INSERT INTO public.posts_post VALUES (1, 'Первый пост', 'Это только начало!', '', '2023-03-17 21:24:00.655746+00', '2023-03-17 21:24:00.655746+00', 1);
INSERT INTO public.posts_post VALUES (11, 'Второй пост', 'Это продолжение!', '', '2023-03-19 14:14:01.762299+00', '2023-03-19 14:14:01.762299+00', 10);
INSERT INTO public.posts_post VALUES (12, 'Второй пост', 'Это продолжение!', '', '2023-03-19 14:15:47.9999+00', '2023-03-19 14:15:47.9999+00', 10);
INSERT INTO public.posts_post VALUES (13, 'Второй пост', 'Это продолжение!', '', '2023-03-19 14:16:42.869813+00', '2023-03-19 14:16:42.869813+00', 10);
INSERT INTO public.posts_post VALUES (14, 'Второй пост 1111', 'Это продолжение!', '', '2023-03-19 14:20:21.566304+00', '2023-03-19 14:20:21.566304+00', 10);
INSERT INTO public.posts_post VALUES (15, 'Второй пост 22221', 'Это продолжение!', '', '2023-03-19 14:24:22.728176+00', '2023-03-19 14:24:22.728176+00', 10);
INSERT INTO public.posts_post VALUES (16, 'Втоsdfsdfрой asfsfпост 22221', 'Эsdfsadfsdfто продолжение!', '', '2023-03-19 14:26:04.839996+00', '2023-03-19 14:26:04.839996+00', 10);
INSERT INTO public.posts_post VALUES (17, 'Втоsdfsdfрой asfsfпост 22221', 'Эsdfsadfsdfто продолжение!', '', '2023-03-19 14:28:17.196616+00', '2023-03-19 14:28:17.196616+00', 4);
INSERT INTO public.posts_post VALUES (18, 'Второй пост', 'Это продолжение!', '', '2023-03-19 15:19:07.409509+00', '2023-03-19 15:19:07.409509+00', 4);
INSERT INTO public.posts_post VALUES (19, 'dgsdgdfhgdf Второй пост', 'Это продолжение!', '', '2023-03-19 15:19:27.685267+00', '2023-03-19 15:19:27.685267+00', 4);
INSERT INTO public.posts_post VALUES (20, 'Какая Чепуха', 'Проверим ка', '', '2023-03-19 15:31:14.278875+00', '2023-03-19 15:31:14.278875+00', 4);
INSERT INTO public.posts_post VALUES (21, 'Какая кеПуха', 'Проверим ка', '', '2023-03-19 15:33:26.235823+00', '2023-03-19 15:33:26.235823+00', 4);
INSERT INTO public.posts_post VALUES (22, 'Пост с фото', 'Ну что вышло то вышло', 'posts/IMG_20220915_175932.jpg', '2023-03-19 21:47:27.708659+00', '2023-03-19 21:47:27.708659+00', 3);
INSERT INTO public.posts_post VALUES (23, 'Второй пост. Исправлен', 'Это продолжение! лыоалвоалвыол', '', '2023-03-19 21:55:21.11306+00', '2023-03-19 21:58:01.261335+00', 4);


--
-- TOC entry 3438 (class 0 OID 16447)
-- Dependencies: 220
-- Data for Name: users_user; Type: TABLE DATA; Schema: public; Owner: postgres
--

INSERT INTO public.users_user VALUES (1, 'pbkdf2_sha256$390000$wY73eFLCWn7sOco9N7g40P$g4gFCgE8v0g8MWdVzxZBY6C9MzwqwE1UxGSmDqVef4I=', '2023-03-17 13:07:05.328902+00', true, '', '', true, true, '2023-03-17 13:05:51.473694+00', 'admin@mail.ru', NULL, NULL, '2023-03-17 13:05:51.890717+00');
INSERT INTO public.users_user VALUES (3, 'pbkdf2_sha256$390000$RB2NcLyDyzhxMAi0MIB6DT$Nbvm8+vnyf+QOBI6CAt6sdoIWfmMfF5NyxkDnKgUV/Y=', NULL, false, '', '', false, true, '2023-03-18 20:07:23.292838+00', 'user2@mail.ru', NULL, NULL, '2023-03-18 20:07:23.777869+00');
INSERT INTO public.users_user VALUES (6, 'pbkdf2_sha256$390000$eEHvhXb20mJGzXDb1QVxz3$mC6GZnqqJm5Pv0HTsDNFUN1WI3iQz4+Ny6v1k2LiqzM=', NULL, false, 'eee44', '', false, true, '2023-03-19 09:33:42.436708+00', 'user4@mail.ru', 79057807873, NULL, '2023-03-19 09:35:22.233575+00');
INSERT INTO public.users_user VALUES (8, 'pbkdf2_sha256$390000$T0N5WlqNhfWXW6CdCpSrQD$bC3nZ7nXnA0+qt5SYKBRHvrEU6OZvp7h35KBmC+gIIo=', NULL, false, 'Евгений', 'Петров', false, true, '2023-03-19 11:17:49.861473+00', 'user5@mail.ru', NULL, NULL, '2023-03-19 11:17:50.386464+00');
INSERT INTO public.users_user VALUES (9, 'pbkdf2_sha256$390000$wDGevleNCuVw1gXymWWG6Z$WCuelG6Jv7kI0sNgutJFw8MRpOVQjHzYUXDLVoaLzxs=', NULL, false, 'eee44', 'Петров', false, true, '2023-03-19 11:18:27.417708+00', 'user6@mail.ru', NULL, NULL, '2023-03-19 11:20:01.348696+00');
INSERT INTO public.users_user VALUES (10, 'pbkdf2_sha256$390000$l1iXYmzLYyXNG3d66zVR7h$tIBXLh7iw58a8WEbQdBSslqNoinkGkCaqAmzrTduKuE=', NULL, false, 'Евгений', 'Петров', false, true, '2023-03-19 11:29:25.549289+00', 'user6@yandex.ru', NULL, '2001-10-25', '2023-03-19 14:20:12.449885+00');
INSERT INTO public.users_user VALUES (4, 'pbkdf2_sha256$390000$l1RHl8iZZTG0fmwrhvVkst$mdPyAQKMAZTCAyeKRhmMYtR4TJc7WBcCSociWqo/yno=', NULL, false, 'eee4', '', false, true, '2023-03-18 21:05:57.015538+00', 'user3@mail.ru', 79057807871, '2001-10-25', '2023-03-19 14:28:06.064777+00');
INSERT INTO public.users_user VALUES (7, 'pbkdf2_sha256$390000$maEx3ujOZobY1BYN2GITwj$V52fYvGpRgniHOMhhbzDJx8zx3cnnFsc/zUBhZk/2Vg=', NULL, false, 'Евгений', 'Петров', false, true, '2023-03-19 09:40:49+00', 'user1@mail.ru', NULL, '1988-01-06', '2023-03-19 20:27:14.288876+00');


--
-- TOC entry 3440 (class 0 OID 16457)
-- Dependencies: 222
-- Data for Name: users_user_groups; Type: TABLE DATA; Schema: public; Owner: postgres
--



--
-- TOC entry 3442 (class 0 OID 16463)
-- Dependencies: 224
-- Data for Name: users_user_user_permissions; Type: TABLE DATA; Schema: public; Owner: postgres
--



--
-- TOC entry 3456 (class 0 OID 0)
-- Dependencies: 215
-- Name: auth_group_id_seq; Type: SEQUENCE SET; Schema: public; Owner: postgres
--

SELECT pg_catalog.setval('public.auth_group_id_seq', 1, false);


--
-- TOC entry 3457 (class 0 OID 0)
-- Dependencies: 217
-- Name: auth_group_permissions_id_seq; Type: SEQUENCE SET; Schema: public; Owner: postgres
--

SELECT pg_catalog.setval('public.auth_group_permissions_id_seq', 1, false);


--
-- TOC entry 3458 (class 0 OID 0)
-- Dependencies: 213
-- Name: auth_permission_id_seq; Type: SEQUENCE SET; Schema: public; Owner: postgres
--

SELECT pg_catalog.setval('public.auth_permission_id_seq', 32, true);


--
-- TOC entry 3459 (class 0 OID 0)
-- Dependencies: 230
-- Name: comments_comment_id_seq; Type: SEQUENCE SET; Schema: public; Owner: postgres
--

SELECT pg_catalog.setval('public.comments_comment_id_seq', 15, true);


--
-- TOC entry 3460 (class 0 OID 0)
-- Dependencies: 225
-- Name: django_admin_log_id_seq; Type: SEQUENCE SET; Schema: public; Owner: postgres
--

SELECT pg_catalog.setval('public.django_admin_log_id_seq', 6, true);


--
-- TOC entry 3461 (class 0 OID 0)
-- Dependencies: 211
-- Name: django_content_type_id_seq; Type: SEQUENCE SET; Schema: public; Owner: postgres
--

SELECT pg_catalog.setval('public.django_content_type_id_seq', 8, true);


--
-- TOC entry 3462 (class 0 OID 0)
-- Dependencies: 209
-- Name: django_migrations_id_seq; Type: SEQUENCE SET; Schema: public; Owner: postgres
--

SELECT pg_catalog.setval('public.django_migrations_id_seq', 22, true);


--
-- TOC entry 3463 (class 0 OID 0)
-- Dependencies: 228
-- Name: posts_post_id_seq; Type: SEQUENCE SET; Schema: public; Owner: postgres
--

SELECT pg_catalog.setval('public.posts_post_id_seq', 23, true);


--
-- TOC entry 3464 (class 0 OID 0)
-- Dependencies: 221
-- Name: users_user_groups_id_seq; Type: SEQUENCE SET; Schema: public; Owner: postgres
--

SELECT pg_catalog.setval('public.users_user_groups_id_seq', 1, false);


--
-- TOC entry 3465 (class 0 OID 0)
-- Dependencies: 219
-- Name: users_user_id_seq; Type: SEQUENCE SET; Schema: public; Owner: postgres
--

SELECT pg_catalog.setval('public.users_user_id_seq', 10, true);


--
-- TOC entry 3466 (class 0 OID 0)
-- Dependencies: 223
-- Name: users_user_user_permissions_id_seq; Type: SEQUENCE SET; Schema: public; Owner: postgres
--

SELECT pg_catalog.setval('public.users_user_user_permissions_id_seq', 1, false);


--
-- TOC entry 3235 (class 2606 OID 16444)
-- Name: auth_group auth_group_name_key; Type: CONSTRAINT; Schema: public; Owner: postgres
--

ALTER TABLE ONLY public.auth_group
    ADD CONSTRAINT auth_group_name_key UNIQUE (name);


--
-- TOC entry 3240 (class 2606 OID 16430)
-- Name: auth_group_permissions auth_group_permissions_group_id_permission_id_0cd325b0_uniq; Type: CONSTRAINT; Schema: public; Owner: postgres
--

ALTER TABLE ONLY public.auth_group_permissions
    ADD CONSTRAINT auth_group_permissions_group_id_permission_id_0cd325b0_uniq UNIQUE (group_id, permission_id);


--
-- TOC entry 3243 (class 2606 OID 16419)
-- Name: auth_group_permissions auth_group_permissions_pkey; Type: CONSTRAINT; Schema: public; Owner: postgres
--

ALTER TABLE ONLY public.auth_group_permissions
    ADD CONSTRAINT auth_group_permissions_pkey PRIMARY KEY (id);


--
-- TOC entry 3237 (class 2606 OID 16411)
-- Name: auth_group auth_group_pkey; Type: CONSTRAINT; Schema: public; Owner: postgres
--

ALTER TABLE ONLY public.auth_group
    ADD CONSTRAINT auth_group_pkey PRIMARY KEY (id);


--
-- TOC entry 3230 (class 2606 OID 16421)
-- Name: auth_permission auth_permission_content_type_id_codename_01ab375a_uniq; Type: CONSTRAINT; Schema: public; Owner: postgres
--

ALTER TABLE ONLY public.auth_permission
    ADD CONSTRAINT auth_permission_content_type_id_codename_01ab375a_uniq UNIQUE (content_type_id, codename);


--
-- TOC entry 3232 (class 2606 OID 16405)
-- Name: auth_permission auth_permission_pkey; Type: CONSTRAINT; Schema: public; Owner: postgres
--

ALTER TABLE ONLY public.auth_permission
    ADD CONSTRAINT auth_permission_pkey PRIMARY KEY (id);


--
-- TOC entry 3274 (class 2606 OID 16548)
-- Name: comments_comment comments_comment_pkey; Type: CONSTRAINT; Schema: public; Owner: postgres
--

ALTER TABLE ONLY public.comments_comment
    ADD CONSTRAINT comments_comment_pkey PRIMARY KEY (id);


--
-- TOC entry 3263 (class 2606 OID 16505)
-- Name: django_admin_log django_admin_log_pkey; Type: CONSTRAINT; Schema: public; Owner: postgres
--

ALTER TABLE ONLY public.django_admin_log
    ADD CONSTRAINT django_admin_log_pkey PRIMARY KEY (id);


--
-- TOC entry 3225 (class 2606 OID 16399)
-- Name: django_content_type django_content_type_app_label_model_76bd3d3b_uniq; Type: CONSTRAINT; Schema: public; Owner: postgres
--

ALTER TABLE ONLY public.django_content_type
    ADD CONSTRAINT django_content_type_app_label_model_76bd3d3b_uniq UNIQUE (app_label, model);


--
-- TOC entry 3227 (class 2606 OID 16397)
-- Name: django_content_type django_content_type_pkey; Type: CONSTRAINT; Schema: public; Owner: postgres
--

ALTER TABLE ONLY public.django_content_type
    ADD CONSTRAINT django_content_type_pkey PRIMARY KEY (id);


--
-- TOC entry 3223 (class 2606 OID 16391)
-- Name: django_migrations django_migrations_pkey; Type: CONSTRAINT; Schema: public; Owner: postgres
--

ALTER TABLE ONLY public.django_migrations
    ADD CONSTRAINT django_migrations_pkey PRIMARY KEY (id);


--
-- TOC entry 3267 (class 2606 OID 16524)
-- Name: django_session django_session_pkey; Type: CONSTRAINT; Schema: public; Owner: postgres
--

ALTER TABLE ONLY public.django_session
    ADD CONSTRAINT django_session_pkey PRIMARY KEY (session_key);


--
-- TOC entry 3271 (class 2606 OID 16534)
-- Name: posts_post posts_post_pkey; Type: CONSTRAINT; Schema: public; Owner: postgres
--

ALTER TABLE ONLY public.posts_post
    ADD CONSTRAINT posts_post_pkey PRIMARY KEY (id);


--
-- TOC entry 3246 (class 2606 OID 16455)
-- Name: users_user users_user_email_key; Type: CONSTRAINT; Schema: public; Owner: postgres
--

ALTER TABLE ONLY public.users_user
    ADD CONSTRAINT users_user_email_key UNIQUE (email);


--
-- TOC entry 3251 (class 2606 OID 16461)
-- Name: users_user_groups users_user_groups_pkey; Type: CONSTRAINT; Schema: public; Owner: postgres
--

ALTER TABLE ONLY public.users_user_groups
    ADD CONSTRAINT users_user_groups_pkey PRIMARY KEY (id);


--
-- TOC entry 3254 (class 2606 OID 16470)
-- Name: users_user_groups users_user_groups_user_id_group_id_b88eab82_uniq; Type: CONSTRAINT; Schema: public; Owner: postgres
--

ALTER TABLE ONLY public.users_user_groups
    ADD CONSTRAINT users_user_groups_user_id_group_id_b88eab82_uniq UNIQUE (user_id, group_id);


--
-- TOC entry 3248 (class 2606 OID 16453)
-- Name: users_user users_user_pkey; Type: CONSTRAINT; Schema: public; Owner: postgres
--

ALTER TABLE ONLY public.users_user
    ADD CONSTRAINT users_user_pkey PRIMARY KEY (id);


--
-- TOC entry 3257 (class 2606 OID 16467)
-- Name: users_user_user_permissions users_user_user_permissions_pkey; Type: CONSTRAINT; Schema: public; Owner: postgres
--

ALTER TABLE ONLY public.users_user_user_permissions
    ADD CONSTRAINT users_user_user_permissions_pkey PRIMARY KEY (id);


--
-- TOC entry 3260 (class 2606 OID 16484)
-- Name: users_user_user_permissions users_user_user_permissions_user_id_permission_id_43338c45_uniq; Type: CONSTRAINT; Schema: public; Owner: postgres
--

ALTER TABLE ONLY public.users_user_user_permissions
    ADD CONSTRAINT users_user_user_permissions_user_id_permission_id_43338c45_uniq UNIQUE (user_id, permission_id);


--
-- TOC entry 3233 (class 1259 OID 16445)
-- Name: auth_group_name_a6ea08ec_like; Type: INDEX; Schema: public; Owner: postgres
--

CREATE INDEX auth_group_name_a6ea08ec_like ON public.auth_group USING btree (name varchar_pattern_ops);


--
-- TOC entry 3238 (class 1259 OID 16441)
-- Name: auth_group_permissions_group_id_b120cbf9; Type: INDEX; Schema: public; Owner: postgres
--

CREATE INDEX auth_group_permissions_group_id_b120cbf9 ON public.auth_group_permissions USING btree (group_id);


--
-- TOC entry 3241 (class 1259 OID 16442)
-- Name: auth_group_permissions_permission_id_84c5c92e; Type: INDEX; Schema: public; Owner: postgres
--

CREATE INDEX auth_group_permissions_permission_id_84c5c92e ON public.auth_group_permissions USING btree (permission_id);


--
-- TOC entry 3228 (class 1259 OID 16427)
-- Name: auth_permission_content_type_id_2f476e4b; Type: INDEX; Schema: public; Owner: postgres
--

CREATE INDEX auth_permission_content_type_id_2f476e4b ON public.auth_permission USING btree (content_type_id);


--
-- TOC entry 3272 (class 1259 OID 16559)
-- Name: comments_comment_author_id_334ce9e2; Type: INDEX; Schema: public; Owner: postgres
--

CREATE INDEX comments_comment_author_id_334ce9e2 ON public.comments_comment USING btree (author_id);


--
-- TOC entry 3275 (class 1259 OID 16560)
-- Name: comments_comment_post_id_96a9ac05; Type: INDEX; Schema: public; Owner: postgres
--

CREATE INDEX comments_comment_post_id_96a9ac05 ON public.comments_comment USING btree (post_id);


--
-- TOC entry 3261 (class 1259 OID 16516)
-- Name: django_admin_log_content_type_id_c4bce8eb; Type: INDEX; Schema: public; Owner: postgres
--

CREATE INDEX django_admin_log_content_type_id_c4bce8eb ON public.django_admin_log USING btree (content_type_id);


--
-- TOC entry 3264 (class 1259 OID 16517)
-- Name: django_admin_log_user_id_c564eba6; Type: INDEX; Schema: public; Owner: postgres
--

CREATE INDEX django_admin_log_user_id_c564eba6 ON public.django_admin_log USING btree (user_id);


--
-- TOC entry 3265 (class 1259 OID 16526)
-- Name: django_session_expire_date_a5c62663; Type: INDEX; Schema: public; Owner: postgres
--

CREATE INDEX django_session_expire_date_a5c62663 ON public.django_session USING btree (expire_date);


--
-- TOC entry 3268 (class 1259 OID 16525)
-- Name: django_session_session_key_c0390e0f_like; Type: INDEX; Schema: public; Owner: postgres
--

CREATE INDEX django_session_session_key_c0390e0f_like ON public.django_session USING btree (session_key varchar_pattern_ops);


--
-- TOC entry 3269 (class 1259 OID 16540)
-- Name: posts_post_author_id_fe5487bf; Type: INDEX; Schema: public; Owner: postgres
--

CREATE INDEX posts_post_author_id_fe5487bf ON public.posts_post USING btree (author_id);


--
-- TOC entry 3244 (class 1259 OID 16468)
-- Name: users_user_email_243f6e77_like; Type: INDEX; Schema: public; Owner: postgres
--

CREATE INDEX users_user_email_243f6e77_like ON public.users_user USING btree (email varchar_pattern_ops);


--
-- TOC entry 3249 (class 1259 OID 16482)
-- Name: users_user_groups_group_id_9afc8d0e; Type: INDEX; Schema: public; Owner: postgres
--

CREATE INDEX users_user_groups_group_id_9afc8d0e ON public.users_user_groups USING btree (group_id);


--
-- TOC entry 3252 (class 1259 OID 16481)
-- Name: users_user_groups_user_id_5f6f5a90; Type: INDEX; Schema: public; Owner: postgres
--

CREATE INDEX users_user_groups_user_id_5f6f5a90 ON public.users_user_groups USING btree (user_id);


--
-- TOC entry 3255 (class 1259 OID 16496)
-- Name: users_user_user_permissions_permission_id_0b93982e; Type: INDEX; Schema: public; Owner: postgres
--

CREATE INDEX users_user_user_permissions_permission_id_0b93982e ON public.users_user_user_permissions USING btree (permission_id);


--
-- TOC entry 3258 (class 1259 OID 16495)
-- Name: users_user_user_permissions_user_id_20aca447; Type: INDEX; Schema: public; Owner: postgres
--

CREATE INDEX users_user_user_permissions_user_id_20aca447 ON public.users_user_user_permissions USING btree (user_id);


--
-- TOC entry 3278 (class 2606 OID 16436)
-- Name: auth_group_permissions auth_group_permissio_permission_id_84c5c92e_fk_auth_perm; Type: FK CONSTRAINT; Schema: public; Owner: postgres
--

ALTER TABLE ONLY public.auth_group_permissions
    ADD CONSTRAINT auth_group_permissio_permission_id_84c5c92e_fk_auth_perm FOREIGN KEY (permission_id) REFERENCES public.auth_permission(id) DEFERRABLE INITIALLY DEFERRED;


--
-- TOC entry 3277 (class 2606 OID 16431)
-- Name: auth_group_permissions auth_group_permissions_group_id_b120cbf9_fk_auth_group_id; Type: FK CONSTRAINT; Schema: public; Owner: postgres
--

ALTER TABLE ONLY public.auth_group_permissions
    ADD CONSTRAINT auth_group_permissions_group_id_b120cbf9_fk_auth_group_id FOREIGN KEY (group_id) REFERENCES public.auth_group(id) DEFERRABLE INITIALLY DEFERRED;


--
-- TOC entry 3276 (class 2606 OID 16422)
-- Name: auth_permission auth_permission_content_type_id_2f476e4b_fk_django_co; Type: FK CONSTRAINT; Schema: public; Owner: postgres
--

ALTER TABLE ONLY public.auth_permission
    ADD CONSTRAINT auth_permission_content_type_id_2f476e4b_fk_django_co FOREIGN KEY (content_type_id) REFERENCES public.django_content_type(id) DEFERRABLE INITIALLY DEFERRED;


--
-- TOC entry 3286 (class 2606 OID 16549)
-- Name: comments_comment comments_comment_author_id_334ce9e2_fk_users_user_id; Type: FK CONSTRAINT; Schema: public; Owner: postgres
--

ALTER TABLE ONLY public.comments_comment
    ADD CONSTRAINT comments_comment_author_id_334ce9e2_fk_users_user_id FOREIGN KEY (author_id) REFERENCES public.users_user(id) DEFERRABLE INITIALLY DEFERRED;


--
-- TOC entry 3287 (class 2606 OID 16554)
-- Name: comments_comment comments_comment_post_id_96a9ac05_fk_posts_post_id; Type: FK CONSTRAINT; Schema: public; Owner: postgres
--

ALTER TABLE ONLY public.comments_comment
    ADD CONSTRAINT comments_comment_post_id_96a9ac05_fk_posts_post_id FOREIGN KEY (post_id) REFERENCES public.posts_post(id) DEFERRABLE INITIALLY DEFERRED;


--
-- TOC entry 3283 (class 2606 OID 16506)
-- Name: django_admin_log django_admin_log_content_type_id_c4bce8eb_fk_django_co; Type: FK CONSTRAINT; Schema: public; Owner: postgres
--

ALTER TABLE ONLY public.django_admin_log
    ADD CONSTRAINT django_admin_log_content_type_id_c4bce8eb_fk_django_co FOREIGN KEY (content_type_id) REFERENCES public.django_content_type(id) DEFERRABLE INITIALLY DEFERRED;


--
-- TOC entry 3284 (class 2606 OID 16511)
-- Name: django_admin_log django_admin_log_user_id_c564eba6_fk_users_user_id; Type: FK CONSTRAINT; Schema: public; Owner: postgres
--

ALTER TABLE ONLY public.django_admin_log
    ADD CONSTRAINT django_admin_log_user_id_c564eba6_fk_users_user_id FOREIGN KEY (user_id) REFERENCES public.users_user(id) DEFERRABLE INITIALLY DEFERRED;


--
-- TOC entry 3285 (class 2606 OID 16535)
-- Name: posts_post posts_post_author_id_fe5487bf_fk_users_user_id; Type: FK CONSTRAINT; Schema: public; Owner: postgres
--

ALTER TABLE ONLY public.posts_post
    ADD CONSTRAINT posts_post_author_id_fe5487bf_fk_users_user_id FOREIGN KEY (author_id) REFERENCES public.users_user(id) DEFERRABLE INITIALLY DEFERRED;


--
-- TOC entry 3280 (class 2606 OID 16476)
-- Name: users_user_groups users_user_groups_group_id_9afc8d0e_fk_auth_group_id; Type: FK CONSTRAINT; Schema: public; Owner: postgres
--

ALTER TABLE ONLY public.users_user_groups
    ADD CONSTRAINT users_user_groups_group_id_9afc8d0e_fk_auth_group_id FOREIGN KEY (group_id) REFERENCES public.auth_group(id) DEFERRABLE INITIALLY DEFERRED;


--
-- TOC entry 3279 (class 2606 OID 16471)
-- Name: users_user_groups users_user_groups_user_id_5f6f5a90_fk_users_user_id; Type: FK CONSTRAINT; Schema: public; Owner: postgres
--

ALTER TABLE ONLY public.users_user_groups
    ADD CONSTRAINT users_user_groups_user_id_5f6f5a90_fk_users_user_id FOREIGN KEY (user_id) REFERENCES public.users_user(id) DEFERRABLE INITIALLY DEFERRED;


--
-- TOC entry 3282 (class 2606 OID 16490)
-- Name: users_user_user_permissions users_user_user_perm_permission_id_0b93982e_fk_auth_perm; Type: FK CONSTRAINT; Schema: public; Owner: postgres
--

ALTER TABLE ONLY public.users_user_user_permissions
    ADD CONSTRAINT users_user_user_perm_permission_id_0b93982e_fk_auth_perm FOREIGN KEY (permission_id) REFERENCES public.auth_permission(id) DEFERRABLE INITIALLY DEFERRED;


--
-- TOC entry 3281 (class 2606 OID 16485)
-- Name: users_user_user_permissions users_user_user_permissions_user_id_20aca447_fk_users_user_id; Type: FK CONSTRAINT; Schema: public; Owner: postgres
--

ALTER TABLE ONLY public.users_user_user_permissions
    ADD CONSTRAINT users_user_user_permissions_user_id_20aca447_fk_users_user_id FOREIGN KEY (user_id) REFERENCES public.users_user(id) DEFERRABLE INITIALLY DEFERRED;


-- Completed on 2023-03-20 01:25:07

--
-- PostgreSQL database dump complete
--

